{"stats":{"minecraft:custom":{"minecraft:interact_with_crafting_table":44,"minecraft:open_barrel":24,"minecraft:leave_game":7,"minecraft:time_since_death":91449,"minecraft:sprint_one_cm":494431,"minecraft:damage_blocked_by_shield":3415,"minecraft:drop":87,"minecraft:talked_to_villager":3,"minecraft:play_time":269640,"minecraft:deaths":3,"minecraft:jump":3353,"minecraft:interact_with_brewingstand":4,"minecraft:walk_on_water_one_cm":12454,"minecraft:interact_with_furnace":34,"minecraft:traded_with_villager":4,"minecraft:sleep_in_bed":7,"minecraft:damage_dealt":20298,"minecraft:crouch_one_cm":61502,"minecraft:inspect_dispenser":1,"minecraft:inspect_dropper":1,"minecraft:interact_with_anvil":13,"minecraft:mob_kills":77,"minecraft:climb_one_cm":4500,"minecraft:walk_one_cm":829000,"minecraft:sneak_time":31830,"minecraft:walk_under_water_one_cm":1000,"minecraft:interact_with_lectern":1,"minecraft:interact_with_blast_furnace":1,"minecraft:total_world_time":269640,"minecraft:time_since_rest":91595,"minecraft:damage_taken":2878,"minecraft:damage_absorbed":82,"minecraft:swim_one_cm":8322,"minecraft:fly_one_cm":620809,"minecraft:open_chest":137,"minecraft:fall_one_cm":88516},"minecraft:used":{"minecraft:iron_shovel":106,"minecraft:chest":9,"minecraft:shield":88,"minecraft:iron_sword":50,"minecraft:rotten_flesh":3,"minecraft:cracked_deepslate_tiles":5,"minecraft:obsidian":1,"minecraft:glow_squid_spawn_egg":1,"minecraft:item_frame":1,"minecraft:golden_sword":12,"minecraft:written_book":1,"minecraft:furnace":1,"minecraft:gray_bed":3,"minecraft:oak_planks":145,"minecraft:wooden_pickaxe":63,"minecraft:blast_furnace":1,"minecraft:deepslate_tiles":17,"minecraft:bread":34,"minecraft:cyan_carpet":1,"minecraft:golden_pickaxe":22,"minecraft:oak_fence":21,"minecraft:cracked_deepslate_bricks":3,"minecraft:spruce_planks":53,"minecraft:torch":170,"minecraft:dirt":3,"minecraft:anvil":2,"simplyswords:iron_katana":282,"minecraft:wooden_axe":30,"minecraft:iron_axe":430,"minecraft:totem_of_undying":1,"minecraft:golden_carrot":5,"minecraft:cobbled_deepslate":29,"minecraft:deepslate_bricks":6,"minecraft:crafting_table":6,"minecraft:red_bed":1,"minecraft:iron_pickaxe":734,"minecraft:stone_axe":121,"minecraft:cobblestone":34,"minecraft:potion":1,"minecraft:pumpkin_pie":8,"minecraft:yellow_bed":1},"minecraft:crafted":{"minecraft:oak_planks":56,"minecraft:chest":8,"minecraft:oak_fence":21,"minecraft:crafting_table":4,"minecraft:spruce_planks":424,"minecraft:wooden_pickaxe":1,"minecraft:iron_helmet":2,"minecraft:iron_chestplate":1,"minecraft:shield":3,"minecraft:stick":124,"minecraft:iron_ingot":169,"minecraft:iron_pickaxe":5,"minecraft:iron_block":3,"minecraft:furnace":1,"minecraft:iron_axe":6,"minecraft:dark_oak_planks":72,"minecraft:stone_axe":1,"minecraft:bread":78,"minecraft:air":0,"minecraft:wooden_axe":1,"minecraft:anvil":1,"minecraft:iron_leggings":1,"minecraft:torch":292},"minecraft:mined":{"minecraft:dark_oak_planks":1,"minecraft:spruce_planks":6,"graveyard:pedestal":1,"minecraft:mossy_stone_brick_slab":2,"minecraft:brewing_stand":2,"minecraft:spruce_trapdoor":1,"minecraft:budding_amethyst":1,"minecraft:grass_block":2,"minecraft:purple_stained_glass_pane":1,"minecraft:deepslate_bricks":23,"minecraft:coal_block":2,"minecraft:spawner":4,"minecraft:mossy_cobblestone_slab":2,"minecraft:dark_oak_trapdoor":1,"minecraft:iron_ore":63,"minecraft:cobbled_deepslate":3,"minecraft:barrel":3,"minecraft:deepslate_lapis_ore":2,"minecraft:anvil":1,"minecraft:dirt_path":1,"minecraft:potted_cornflower":1,"minecraft:stripped_mangrove_wood":3,"minecraft:red_bed":2,"graveyard:middle_bone_staff":1,"graveyard:dark_iron_trapdoor":3,"minecraft:polished_deepslate_stairs":2,"minecraft:deepslate_tile_slab":1,"graveyard:spruce_coffin":3,"minecraft:blast_furnace":1,"minecraft:calcite":10,"minecraft:chest":3,"minecraft:white_candle":1,"minecraft:cobblestone":6,"graveyard:lying_skeleton":1,"minecraft:oak_planks":10,"minecraft:wall_torch":2,"minecraft:amethyst_block":1,"minecraft:chain":3,"minecraft:cyan_wool":1,"minecraft:light_gray_stained_glass":2,"minecraft:jukebox":1,"minecraft:birch_door":2,"minecraft:grass":165,"minecraft:cracked_deepslate_tiles":10,"minecraft:oak_log":1,"minecraft:dirt":4,"minecraft:smooth_basalt":1,"minecraft:tripwire_hook":2,"minecraft:oak_leaves":7,"minecraft:cyan_candle":1,"minecraft:deepslate":14,"minecraft:deepslate_tiles":33,"minecraft:mossy_cobblestone":3,"minecraft:deepslate_diamond_ore":9,"minecraft:dark_oak_log":18,"minecraft:cyan_stained_glass":9,"minecraft:cobbled_deepslate_slab":4,"minecraft:spruce_fence":2,"minecraft:white_stained_glass":1,"minecraft:mangrove_trapdoor":1,"minecraft:spruce_leaves":10,"minecraft:hay_block":18,"minecraft:deepslate_brick_slab":2,"minecraft:gold_block":1,"minecraft:mossy_stone_brick_stairs":1,"minecraft:bookshelf":6,"minecraft:deepslate_iron_ore":43,"minecraft:cobblestone_slab":3,"minecraft:vine":2,"minecraft:stone":23,"minecraft:mud_brick_slab":2,"minecraft:stripped_dark_oak_log":1,"minecraft:stone_brick_slab":6,"minecraft:crafting_table":2,"minecraft:cobbled_deepslate_wall":1,"minecraft:oak_wood":25,"minecraft:tall_grass":93,"minecraft:deepslate_coal_ore":1,"minecraft:lapis_ore":4,"minecraft:cracked_deepslate_bricks":7,"minecraft:diorite":1,"minecraft:coarse_dirt":1,"graveyard:vase_block":10,"minecraft:dark_oak_wall_sign":1,"minecraft:gray_bed":3,"minecraft:spruce_log":91,"minecraft:birch_leaves":1,"minecraft:yellow_bed":2,"minecraft:mangrove_slab":1,"minecraft:coal_ore":54,"minecraft:cyan_carpet":9,"minecraft:gravel":1,"minecraft:flower_pot":2,"minecraft:gray_carpet":3,"minecraft:cobweb":21,"minecraft:cracked_stone_bricks":8,"minecraft:stone_bricks":7,"minecraft:mossy_stone_bricks":4},"minecraft:killed":{"minecraft:spider":11,"minecraft:skeleton":8,"graveyard:acolyte":27,"minecraft:zombie_villager":1,"minecraft:creeper":3,"minecraft:pillager":1,"minecraft:zombie":4,"minecraft:glow_squid":1,"minecraft:vindicator":1,"minecraft:husk":13},"minecraft:picked_up":{"minecraft:birch_door":1,"minecraft:flower_pot":2,"minecraft:anvil":1,"minecraft:enchanted_book":2,"minecraft:potion":2,"minecraft:golden_sword":1,"minecraft:dark_oak_trapdoor":2,"minecraft:string":35,"minecraft:deepslate_tiles":31,"minecraft:cobbled_deepslate":35,"minecraft:spruce_planks":309,"minecraft:written_book":2,"minecraft:calcite":9,"minecraft:iron_pickaxe":1,"minecraft:coal_block":2,"minecraft:stick":55,"minecraft:jukebox":1,"minecraft:oak_fence":1,"minecraft:polished_deepslate_stairs":2,"minecraft:torch":48,"minecraft:diorite":1,"graveyard:dark_iron_trapdoor":3,"minecraft:rotten_flesh":144,"minecraft:deepslate_brick_stairs":7,"minecraft:cobblestone":62,"minecraft:potato":9,"exposure:aged_photograph":1,"minecraft:dirt":6,"minecraft:lapis_lazuli":87,"minecraft:mangrove_slab":1,"minecraft:glow_squid_spawn_egg":2,"minecraft:name_tag":3,"minecraft:bone":75,"minecraft:cobbled_deepslate_wall":1,"minecraft:wheat_seeds":32,"minecraft:deepslate_brick_slab":6,"minecraft:raw_gold":24,"minecraft:cobbled_deepslate_slab":15,"minecraft:dark_oak_sign":1,"minecraft:mossy_stone_bricks":1,"minecraft:bamboo":3,"minecraft:oak_planks":22,"minecraft:mossy_stone_brick_stairs":1,"minecraft:ghast_tear":3,"patchouli:guide_book":4,"minecraft:dark_oak_log":18,"minecraft:barrel":3,"minecraft:mossy_cobblestone":33,"minecraft:skeleton_spawn_egg":1,"minecraft:white_candle":18,"minecraft:diamond":12,"minecraft:writable_book":1,"minecraft:bone_meal":21,"minecraft:emerald":5,"minecraft:mud_brick_slab":2,"minecraft:crafting_table":3,"minecraft:golden_pickaxe":1,"minecraft:gold_block":1,"minecraft:chain":2,"minecraft:spider_spawn_egg":2,"minecraft:shield":2,"minecraft:dragon_breath":2,"minecraft:cornflower":1,"minecraft:red_bed":2,"minecraft:item_frame":3,"minecraft:cyan_carpet":9,"graveyard:corruption":15,"simplyswords:runic_tablet":1,"minecraft:candle":34,"graveyard:corrupted_pillager_spawn_egg":1,"minecraft:cyan_wool":2,"minecraft:chest":3,"minecraft:spruce_trapdoor":1,"minecraft:dark_oak_sapling":2,"minecraft:raw_iron":126,"minecraft:stripped_mangrove_wood":8,"minecraft:spruce_fence":1,"minecraft:mangrove_sign":1,"minecraft:carrot":4,"minecraft:mangrove_trapdoor":1,"minecraft:dark_oak_planks":2,"minecraft:arrow":5,"minecraft:deepslate_bricks":24,"minecraft:hay_block":44,"minecraft:cracked_deepslate_bricks":7,"minecraft:glistering_melon_slice":6,"minecraft:gold_ingot":2,"minecraft:glow_berries":2,"minecraft:bone_block":3,"minecraft:cracked_deepslate_tiles":10,"minecraft:golden_carrot":5,"minecraft:glow_ink_sac":10,"minecraft:tripwire_hook":2,"minecraft:leather":16,"graveyard:spruce_coffin":6,"minecraft:oak_log":14,"minecraft:yellow_bed":2,"minecraft:cobbled_deepslate_stairs":6,"minecraft:gunpowder":5,"minecraft:white_banner":1,"minecraft:gray_carpet":3,"minecraft:apple":17,"minecraft:stone_bricks":3,"minecraft:iron_ingot":14,"minecraft:cobweb":32,"minecraft:gray_bed":3,"minecraft:iron_sword":1,"minecraft:book":12,"graveyard:pedestal":1,"minecraft:smooth_basalt":2,"minecraft:gravel":2,"minecraft:amethyst_shard":16,"minecraft:spruce_sapling":2,"minecraft:blast_furnace":1,"minecraft:white_bed":1,"minecraft:spruce_log":107,"graveyard:middle_bone_staff":2,"minecraft:spider_eye":3,"minecraft:oak_wood":117,"minecraft:pumpkin_seeds":4,"minecraft:husk_spawn_egg":3,"minecraft:melon_seeds":4,"minecraft:coal":70},"minecraft:killed_by":{"minecraft:vindicator":1,"minecraft:husk":1,"cave_dweller:cave_dweller":1},"minecraft:dropped":{"minecraft:candle":34,"minecraft:stripped_mangrove_wood":6,"minecraft:lapis_lazuli":47,"minecraft:dark_oak_sapling":2,"minecraft:glow_berries":2,"minecraft:red_bed":1,"minecraft:cornflower":1,"minecraft:dark_oak_trapdoor":1,"minecraft:husk_spawn_egg":2,"minecraft:amethyst_shard":12,"minecraft:bone_block":3,"minecraft:iron_pickaxe":2,"minecraft:dark_oak_planks":1,"minecraft:cyan_carpet":2,"minecraft:gold_ingot":3,"minecraft:bone":59,"minecraft:deepslate_brick_slab":3,"minecraft:rotten_flesh":69,"minecraft:oak_planks":1,"minecraft:white_candle":16,"minecraft:white_bed":1,"minecraft:carrot":1,"patchouli:guide_book":1,"minecraft:gunpowder":3,"minecraft:oak_wood":38,"minecraft:melon_seeds":2,"minecraft:arrow":9,"minecraft:written_book":1,"minecraft:bread":65,"minecraft:enchanted_book":2,"minecraft:iron_ingot":2,"minecraft:wheat_seeds":9,"minecraft:cobbled_deepslate_stairs":4,"minecraft:mossy_cobblestone":31,"minecraft:oak_fence":1,"minecraft:iron_helmet":1,"minecraft:cobblestone":1,"minecraft:book":3,"minecraft:apple":17,"minecraft:coal":16,"minecraft:stick":2,"minecraft:deepslate_brick_stairs":4,"minecraft:golden_carrot":4,"minecraft:torch":126,"minecraft:potion":1,"minecraft:iron_axe":2,"minecraft:spruce_sapling":2,"simplyswords:diamond_cutlass":1,"minecraft:dark_oak_sign":1,"graveyard:middle_bone_staff":1,"minecraft:name_tag":2,"minecraft:cobbled_deepslate_slab":3,"minecraft:skeleton_spawn_egg":1,"minecraft:spruce_fence":1,"minecraft:pumpkin_seeds":4,"minecraft:deepslate_bricks":2,"minecraft:potato":9,"minecraft:hay_block":26,"minecraft:cyan_wool":2,"minecraft:shield":1,"minecraft:flower_pot":1,"graveyard:spruce_coffin":2,"minecraft:spruce_planks":112,"minecraft:bamboo":3,"exposure:aged_photograph":1},"minecraft:broken":{"minecraft:stone_axe":1,"minecraft:wooden_axe":1,"minecraft:wooden_pickaxe":1,"minecraft:iron_axe":2,"minecraft:iron_pickaxe":2,"minecraft:golden_pickaxe":1}},"DataVersion":3465}