{"stats":{"minecraft:custom":{"minecraft:inspect_dropper":1,"minecraft:mob_kills":27,"minecraft:interact_with_crafting_table":22,"minecraft:open_barrel":16,"minecraft:time_since_death":108353,"minecraft:leave_game":2,"minecraft:climb_one_cm":4359,"minecraft:sprint_one_cm":381311,"minecraft:walk_one_cm":495488,"minecraft:damage_blocked_by_shield":55,"minecraft:drop":77,"minecraft:talked_to_villager":3,"minecraft:play_time":150542,"minecraft:deaths":2,"minecraft:sneak_time":6536,"minecraft:walk_under_water_one_cm":705,"minecraft:jump":2201,"minecraft:interact_with_blast_furnace":1,"minecraft:walk_on_water_one_cm":1714,"minecraft:total_world_time":150542,"minecraft:traded_with_villager":4,"minecraft:sleep_in_bed":5,"minecraft:time_since_rest":17321,"minecraft:damage_taken":1590,"minecraft:damage_dealt":8794,"minecraft:swim_one_cm":2586,"minecraft:fly_one_cm":510306,"minecraft:open_chest":89,"minecraft:crouch_one_cm":13267,"minecraft:fall_one_cm":58757,"minecraft:inspect_dispenser":1},"minecraft:used":{"minecraft:oak_fence":21,"minecraft:iron_shovel":106,"minecraft:chest":7,"minecraft:spruce_planks":7,"minecraft:shield":2,"minecraft:iron_sword":50,"minecraft:rotten_flesh":3,"minecraft:torch":7,"minecraft:dirt":3,"minecraft:wooden_axe":30,"minecraft:iron_axe":398,"minecraft:item_frame":1,"minecraft:golden_sword":12,"minecraft:golden_carrot":5,"minecraft:written_book":1,"minecraft:gray_bed":1,"minecraft:oak_planks":145,"minecraft:wooden_pickaxe":63,"minecraft:crafting_table":5,"minecraft:red_bed":1,"minecraft:blast_furnace":1,"minecraft:bread":15,"minecraft:iron_pickaxe":180,"minecraft:cyan_carpet":1,"minecraft:stone_axe":121,"minecraft:cobblestone":5,"minecraft:yellow_bed":1,"minecraft:pumpkin_pie":8,"minecraft:golden_pickaxe":22},"minecraft:crafted":{"minecraft:oak_planks":52,"minecraft:iron_axe":5,"minecraft:chest":6,"minecraft:dark_oak_planks":72,"minecraft:oak_fence":21,"minecraft:crafting_table":3,"minecraft:spruce_planks":424,"minecraft:wooden_pickaxe":1,"minecraft:iron_helmet":1,"minecraft:stone_axe":1,"minecraft:bread":78,"minecraft:shield":2,"minecraft:stick":112,"minecraft:iron_pickaxe":1,"minecraft:wooden_axe":1,"minecraft:iron_leggings":1,"minecraft:torch":88},"minecraft:killed_by":{"minecraft:husk":1,"minecraft:vindicator":1},"minecraft:mined":{"minecraft:dark_oak_planks":1,"minecraft:spruce_planks":3,"minecraft:mossy_cobblestone":3,"minecraft:mossy_stone_brick_slab":2,"minecraft:dark_oak_log":18,"minecraft:spruce_trapdoor":1,"minecraft:cobbled_deepslate_slab":4,"minecraft:grass_block":2,"minecraft:spruce_fence":2,"minecraft:white_stained_glass":1,"minecraft:coal_block":2,"minecraft:deepslate_bricks":2,"minecraft:mangrove_trapdoor":1,"minecraft:spruce_leaves":10,"minecraft:spawner":3,"minecraft:hay_block":18,"minecraft:deepslate_brick_slab":2,"minecraft:mossy_cobblestone_slab":2,"minecraft:dark_oak_trapdoor":1,"minecraft:cobbled_deepslate":3,"minecraft:gold_block":1,"minecraft:bookshelf":1,"minecraft:dirt_path":1,"minecraft:cobblestone_slab":3,"minecraft:potted_cornflower":1,"minecraft:stone":6,"minecraft:stripped_mangrove_wood":3,"minecraft:mud_brick_slab":2,"minecraft:red_bed":2,"graveyard:middle_bone_staff":1,"minecraft:polished_deepslate_stairs":2,"minecraft:stripped_dark_oak_log":1,"minecraft:stone_brick_slab":6,"graveyard:spruce_coffin":3,"minecraft:crafting_table":2,"minecraft:blast_furnace":1,"minecraft:oak_wood":25,"minecraft:calcite":8,"minecraft:chest":2,"minecraft:tall_grass":91,"minecraft:cobblestone":1,"minecraft:deepslate_coal_ore":1,"graveyard:lying_skeleton":1,"minecraft:oak_planks":10,"minecraft:diorite":1,"minecraft:cyan_wool":1,"minecraft:coarse_dirt":1,"graveyard:vase_block":2,"minecraft:dark_oak_wall_sign":1,"minecraft:light_gray_stained_glass":2,"minecraft:gray_bed":2,"minecraft:spruce_log":91,"minecraft:jukebox":1,"minecraft:birch_leaves":1,"minecraft:birch_door":2,"minecraft:yellow_bed":2,"minecraft:grass":159,"minecraft:mangrove_slab":1,"minecraft:coal_ore":29,"minecraft:oak_log":1,"minecraft:cyan_carpet":9,"minecraft:dirt":4,"minecraft:gray_carpet":3,"minecraft:cracked_stone_bricks":8,"minecraft:tripwire_hook":2,"minecraft:stone_bricks":7,"minecraft:mossy_stone_bricks":3,"minecraft:oak_leaves":2,"minecraft:cyan_candle":1},"minecraft:broken":{"minecraft:wooden_pickaxe":1,"minecraft:iron_axe":1,"minecraft:stone_axe":1,"minecraft:golden_pickaxe":1,"minecraft:wooden_axe":1},"minecraft:killed":{"minecraft:spider":1,"minecraft:vindicator":1,"minecraft:skeleton":7,"minecraft:husk":13,"minecraft:zombie_villager":1,"minecraft:pillager":1,"minecraft:zombie":1},"minecraft:dropped":{"minecraft:bread":65,"minecraft:iron_ingot":2,"minecraft:enchanted_book":2,"minecraft:candle":34,"minecraft:stripped_mangrove_wood":6,"minecraft:wheat_seeds":9,"minecraft:cobbled_deepslate_stairs":4,"minecraft:mossy_cobblestone":31,"minecraft:dark_oak_sapling":1,"minecraft:oak_fence":1,"minecraft:cobblestone":1,"minecraft:iron_helmet":1,"minecraft:glow_berries":2,"minecraft:book":3,"minecraft:apple":17,"minecraft:coal":16,"minecraft:stick":2,"minecraft:red_bed":1,"minecraft:deepslate_brick_stairs":4,"minecraft:golden_carrot":4,"minecraft:torch":40,"minecraft:cornflower":1,"minecraft:dark_oak_trapdoor":1,"minecraft:husk_spawn_egg":2,"minecraft:potion":1,"minecraft:bone_block":3,"minecraft:amethyst_shard":12,"minecraft:iron_axe":2,"minecraft:iron_pickaxe":1,"minecraft:dark_oak_planks":1,"minecraft:cyan_carpet":2,"minecraft:spruce_sapling":2,"minecraft:gold_ingot":3,"minecraft:bone":59,"minecraft:dark_oak_sign":1,"graveyard:middle_bone_staff":1,"minecraft:deepslate_brick_slab":3,"minecraft:rotten_flesh":69,"minecraft:oak_planks":1,"minecraft:white_candle":16,"minecraft:name_tag":2,"minecraft:cobbled_deepslate_slab":3,"minecraft:white_bed":1,"minecraft:skeleton_spawn_egg":1,"minecraft:spruce_fence":1,"minecraft:pumpkin_seeds":4,"minecraft:carrot":1,"patchouli:guide_book":1,"minecraft:deepslate_bricks":2,"minecraft:potato":9,"minecraft:hay_block":26,"minecraft:cyan_wool":2,"minecraft:shield":1,"minecraft:flower_pot":1,"minecraft:gunpowder":3,"graveyard:spruce_coffin":2,"minecraft:oak_wood":38,"minecraft:melon_seeds":2,"minecraft:bamboo":3,"minecraft:arrow":9,"minecraft:written_book":1,"exposure:aged_photograph":1},"minecraft:picked_up":{"minecraft:crafting_table":3,"minecraft:mud_brick_slab":2,"minecraft:birch_door":1,"minecraft:flower_pot":1,"minecraft:golden_pickaxe":1,"minecraft:enchanted_book":2,"minecraft:gold_block":1,"minecraft:potion":2,"minecraft:shield":1,"minecraft:golden_sword":1,"minecraft:cornflower":1,"minecraft:dark_oak_trapdoor":2,"minecraft:red_bed":2,"minecraft:item_frame":3,"minecraft:cyan_carpet":9,"simplyswords:runic_tablet":1,"minecraft:candle":34,"minecraft:cobbled_deepslate":3,"minecraft:spruce_planks":3,"minecraft:written_book":2,"minecraft:cyan_wool":2,"minecraft:calcite":6,"minecraft:iron_pickaxe":1,"minecraft:coal_block":2,"minecraft:chest":2,"minecraft:spruce_trapdoor":1,"minecraft:dark_oak_sapling":1,"minecraft:stick":2,"minecraft:stripped_mangrove_wood":8,"minecraft:jukebox":1,"minecraft:oak_fence":1,"minecraft:polished_deepslate_stairs":2,"minecraft:torch":6,"minecraft:spruce_fence":1,"minecraft:diorite":1,"minecraft:mangrove_sign":1,"minecraft:carrot":4,"minecraft:mangrove_trapdoor":1,"minecraft:dark_oak_planks":2,"minecraft:arrow":3,"minecraft:rotten_flesh":138,"minecraft:deepslate_bricks":4,"minecraft:hay_block":44,"minecraft:gold_ingot":2,"minecraft:deepslate_brick_stairs":7,"minecraft:bone_block":3,"minecraft:cobblestone":7,"minecraft:tripwire_hook":2,"minecraft:leather":16,"minecraft:potato":9,"exposure:aged_photograph":1,"graveyard:spruce_coffin":6,"minecraft:oak_log":14,"minecraft:gunpowder":3,"minecraft:yellow_bed":2,"minecraft:cobbled_deepslate_stairs":6,"minecraft:mangrove_slab":1,"minecraft:dirt":6,"minecraft:white_banner":1,"minecraft:name_tag":3,"minecraft:bone":73,"minecraft:apple":17,"minecraft:stone_bricks":3,"minecraft:gray_carpet":3,"minecraft:wheat_seeds":31,"minecraft:deepslate_brick_slab":6,"minecraft:raw_gold":24,"minecraft:cobbled_deepslate_slab":15,"minecraft:iron_ingot":6,"minecraft:dark_oak_sign":1,"minecraft:bamboo":3,"minecraft:gray_bed":2,"minecraft:oak_planks":22,"minecraft:iron_sword":1,"minecraft:book":3,"patchouli:guide_book":3,"minecraft:amethyst_shard":12,"minecraft:spruce_sapling":2,"minecraft:blast_furnace":1,"minecraft:spruce_log":107,"minecraft:white_bed":1,"graveyard:middle_bone_staff":2,"minecraft:dark_oak_log":18,"minecraft:mossy_cobblestone":33,"minecraft:oak_wood":117,"minecraft:pumpkin_seeds":4,"minecraft:skeleton_spawn_egg":1,"minecraft:white_candle":16,"minecraft:husk_spawn_egg":3,"minecraft:writable_book":1,"minecraft:bone_meal":19,"minecraft:emerald":5,"minecraft:melon_seeds":4,"minecraft:coal":46}},"DataVersion":3465}