{"stats":{"minecraft:custom":{"minecraft:inspect_dropper":1,"minecraft:interact_with_anvil":9,"minecraft:mob_kills":45,"minecraft:interact_with_crafting_table":43,"minecraft:open_barrel":16,"minecraft:leave_game":5,"minecraft:time_since_death":42945,"minecraft:climb_one_cm":4500,"minecraft:sprint_one_cm":485811,"minecraft:walk_one_cm":769604,"minecraft:damage_blocked_by_shield":2455,"minecraft:drop":87,"minecraft:talked_to_villager":3,"minecraft:play_time":221136,"minecraft:deaths":3,"minecraft:sneak_time":9709,"minecraft:walk_under_water_one_cm":1000,"minecraft:jump":3198,"minecraft:interact_with_blast_furnace":1,"minecraft:walk_on_water_one_cm":12454,"minecraft:total_world_time":221136,"minecraft:interact_with_furnace":28,"minecraft:traded_with_villager":4,"minecraft:sleep_in_bed":7,"minecraft:time_since_rest":43091,"minecraft:damage_taken":2692,"minecraft:damage_absorbed":82,"minecraft:damage_dealt":12937,"minecraft:swim_one_cm":8322,"minecraft:fly_one_cm":608827,"minecraft:open_chest":121,"minecraft:crouch_one_cm":21045,"minecraft:fall_one_cm":83214,"minecraft:inspect_dispenser":1},"minecraft:crafted":{"minecraft:oak_planks":56,"minecraft:furnace":1,"minecraft:iron_axe":5,"minecraft:chest":8,"minecraft:dark_oak_planks":72,"minecraft:oak_fence":21,"minecraft:crafting_table":4,"minecraft:spruce_planks":424,"minecraft:wooden_pickaxe":1,"minecraft:iron_helmet":2,"minecraft:stone_axe":1,"minecraft:bread":78,"minecraft:air":0,"minecraft:anvil":1,"minecraft:iron_chestplate":1,"minecraft:shield":3,"minecraft:stick":120,"minecraft:iron_block":3,"minecraft:iron_ingot":148,"minecraft:iron_pickaxe":4,"minecraft:wooden_axe":1,"minecraft:iron_leggings":1,"minecraft:torch":292},"minecraft:used":{"minecraft:oak_fence":21,"minecraft:iron_shovel":106,"minecraft:chest":9,"minecraft:spruce_planks":7,"minecraft:shield":64,"minecraft:iron_sword":50,"minecraft:rotten_flesh":3,"minecraft:torch":157,"minecraft:dirt":3,"minecraft:anvil":2,"simplyswords:iron_katana":111,"minecraft:obsidian":1,"minecraft:wooden_axe":30,"minecraft:iron_axe":402,"minecraft:totem_of_undying":1,"minecraft:item_frame":1,"minecraft:golden_sword":12,"minecraft:golden_carrot":5,"minecraft:written_book":1,"minecraft:furnace":1,"minecraft:gray_bed":3,"minecraft:oak_planks":145,"minecraft:wooden_pickaxe":63,"minecraft:crafting_table":6,"minecraft:red_bed":1,"minecraft:blast_furnace":1,"minecraft:bread":31,"minecraft:iron_pickaxe":566,"minecraft:cyan_carpet":1,"minecraft:stone_axe":121,"minecraft:cobblestone":20,"minecraft:yellow_bed":1,"minecraft:pumpkin_pie":8,"minecraft:golden_pickaxe":22},"minecraft:mined":{"minecraft:dark_oak_planks":1,"minecraft:spruce_planks":3,"minecraft:mossy_cobblestone":3,"minecraft:deepslate_diamond_ore":9,"minecraft:mossy_stone_brick_slab":2,"minecraft:dark_oak_log":18,"minecraft:spruce_trapdoor":1,"minecraft:cobbled_deepslate_slab":4,"minecraft:budding_amethyst":1,"minecraft:grass_block":2,"minecraft:spruce_fence":2,"minecraft:white_stained_glass":1,"minecraft:coal_block":2,"minecraft:deepslate_bricks":2,"minecraft:mangrove_trapdoor":1,"minecraft:spruce_leaves":10,"minecraft:spawner":3,"minecraft:hay_block":18,"minecraft:deepslate_brick_slab":2,"minecraft:mossy_cobblestone_slab":2,"minecraft:dark_oak_trapdoor":1,"minecraft:iron_ore":63,"minecraft:cobbled_deepslate":3,"minecraft:anvil":1,"minecraft:deepslate_lapis_ore":2,"minecraft:gold_block":1,"minecraft:mossy_stone_brick_stairs":1,"minecraft:bookshelf":1,"minecraft:vine":2,"minecraft:cobblestone_slab":3,"minecraft:deepslate_iron_ore":43,"minecraft:dirt_path":1,"minecraft:potted_cornflower":1,"minecraft:stone":23,"minecraft:stripped_mangrove_wood":3,"minecraft:mud_brick_slab":2,"minecraft:red_bed":2,"graveyard:middle_bone_staff":1,"minecraft:polished_deepslate_stairs":2,"minecraft:stripped_dark_oak_log":1,"minecraft:stone_brick_slab":6,"graveyard:spruce_coffin":3,"minecraft:crafting_table":2,"minecraft:blast_furnace":1,"minecraft:oak_wood":25,"minecraft:calcite":10,"minecraft:chest":2,"minecraft:lapis_ore":4,"minecraft:wall_torch":1,"minecraft:tall_grass":93,"minecraft:cobblestone":3,"minecraft:deepslate_coal_ore":1,"graveyard:lying_skeleton":1,"minecraft:oak_planks":10,"minecraft:diorite":1,"minecraft:amethyst_block":1,"minecraft:cyan_wool":1,"minecraft:coarse_dirt":1,"graveyard:vase_block":2,"minecraft:cracked_deepslate_tiles":1,"minecraft:dark_oak_wall_sign":1,"minecraft:light_gray_stained_glass":2,"minecraft:gray_bed":3,"minecraft:spruce_log":91,"minecraft:jukebox":1,"minecraft:birch_leaves":1,"minecraft:birch_door":2,"minecraft:yellow_bed":2,"minecraft:grass":165,"minecraft:mangrove_slab":1,"minecraft:coal_ore":54,"minecraft:oak_log":1,"minecraft:cyan_carpet":9,"minecraft:gravel":1,"minecraft:dirt":4,"minecraft:gray_carpet":3,"minecraft:cobweb":10,"minecraft:smooth_basalt":1,"minecraft:cracked_stone_bricks":8,"minecraft:tripwire_hook":2,"minecraft:stone_bricks":7,"minecraft:mossy_stone_bricks":4,"minecraft:oak_leaves":7,"minecraft:cyan_candle":1,"minecraft:deepslate":14,"minecraft:deepslate_tiles":4},"minecraft:killed":{"minecraft:spider":11,"minecraft:vindicator":1,"minecraft:skeleton":8,"minecraft:husk":13,"minecraft:zombie_villager":1,"minecraft:creeper":3,"minecraft:pillager":1,"minecraft:zombie":4},"minecraft:picked_up":{"minecraft:birch_door":1,"minecraft:mud_brick_slab":2,"minecraft:crafting_table":3,"minecraft:anvil":1,"minecraft:flower_pot":1,"minecraft:golden_pickaxe":1,"minecraft:potion":2,"minecraft:gold_block":1,"minecraft:enchanted_book":2,"minecraft:spider_spawn_egg":2,"minecraft:golden_sword":1,"minecraft:shield":2,"minecraft:cornflower":1,"minecraft:string":20,"minecraft:dark_oak_trapdoor":2,"minecraft:red_bed":2,"minecraft:item_frame":3,"minecraft:cyan_carpet":9,"minecraft:deepslate_tiles":3,"simplyswords:runic_tablet":1,"minecraft:candle":34,"minecraft:cobbled_deepslate":35,"minecraft:spruce_planks":307,"minecraft:cyan_wool":2,"minecraft:written_book":2,"minecraft:calcite":9,"minecraft:iron_pickaxe":1,"minecraft:coal_block":2,"minecraft:chest":2,"minecraft:spruce_trapdoor":1,"minecraft:dark_oak_sapling":2,"minecraft:stick":55,"minecraft:raw_iron":126,"minecraft:stripped_mangrove_wood":8,"minecraft:jukebox":1,"minecraft:polished_deepslate_stairs":2,"minecraft:oak_fence":1,"minecraft:torch":46,"minecraft:spruce_fence":1,"minecraft:mangrove_sign":1,"minecraft:diorite":1,"minecraft:carrot":4,"minecraft:mangrove_trapdoor":1,"minecraft:dark_oak_planks":2,"minecraft:arrow":5,"minecraft:rotten_flesh":141,"minecraft:deepslate_bricks":4,"minecraft:hay_block":44,"minecraft:gold_ingot":2,"minecraft:deepslate_brick_stairs":7,"minecraft:bone_block":3,"minecraft:cobblestone":59,"minecraft:cracked_deepslate_tiles":1,"minecraft:tripwire_hook":2,"minecraft:glow_ink_sac":9,"minecraft:leather":16,"minecraft:potato":9,"exposure:aged_photograph":1,"graveyard:spruce_coffin":6,"minecraft:oak_log":14,"minecraft:cobbled_deepslate_stairs":6,"minecraft:yellow_bed":2,"minecraft:gunpowder":5,"minecraft:glow_squid_spawn_egg":2,"minecraft:mangrove_slab":1,"minecraft:lapis_lazuli":87,"minecraft:dirt":6,"minecraft:white_banner":1,"minecraft:name_tag":3,"minecraft:bone":75,"minecraft:apple":17,"minecraft:stone_bricks":3,"minecraft:gray_carpet":3,"minecraft:wheat_seeds":32,"minecraft:deepslate_brick_slab":6,"minecraft:raw_gold":24,"minecraft:cobbled_deepslate_slab":15,"minecraft:iron_ingot":11,"minecraft:dark_oak_sign":1,"minecraft:mossy_stone_bricks":1,"minecraft:bamboo":3,"minecraft:gray_bed":3,"minecraft:mossy_stone_brick_stairs":1,"minecraft:iron_sword":1,"minecraft:oak_planks":22,"minecraft:book":3,"minecraft:smooth_basalt":2,"patchouli:guide_book":4,"minecraft:gravel":2,"minecraft:amethyst_shard":12,"minecraft:spruce_sapling":2,"minecraft:blast_furnace":1,"minecraft:white_bed":1,"minecraft:spruce_log":107,"graveyard:middle_bone_staff":2,"minecraft:dark_oak_log":18,"minecraft:spider_eye":3,"minecraft:mossy_cobblestone":33,"minecraft:husk_spawn_egg":3,"minecraft:skeleton_spawn_egg":1,"minecraft:oak_wood":117,"minecraft:white_candle":16,"minecraft:pumpkin_seeds":4,"minecraft:diamond":6,"minecraft:writable_book":1,"minecraft:bone_meal":19,"minecraft:emerald":5,"minecraft:melon_seeds":4,"minecraft:coal":70},"minecraft:killed_by":{"minecraft:husk":1,"minecraft:vindicator":1,"cave_dweller:cave_dweller":1},"minecraft:dropped":{"minecraft:bread":65,"minecraft:iron_ingot":2,"minecraft:enchanted_book":2,"minecraft:candle":34,"minecraft:stripped_mangrove_wood":6,"minecraft:wheat_seeds":9,"minecraft:lapis_lazuli":47,"minecraft:cobbled_deepslate_stairs":4,"minecraft:mossy_cobblestone":31,"minecraft:dark_oak_sapling":2,"minecraft:oak_fence":1,"minecraft:cobblestone":1,"minecraft:iron_helmet":1,"minecraft:glow_berries":2,"minecraft:book":3,"minecraft:apple":17,"minecraft:coal":16,"minecraft:stick":2,"minecraft:red_bed":1,"minecraft:deepslate_brick_stairs":4,"minecraft:golden_carrot":4,"minecraft:torch":126,"minecraft:cornflower":1,"minecraft:dark_oak_trapdoor":1,"minecraft:husk_spawn_egg":2,"minecraft:bone_block":3,"minecraft:potion":1,"minecraft:amethyst_shard":12,"minecraft:iron_axe":2,"minecraft:iron_pickaxe":2,"minecraft:dark_oak_planks":1,"minecraft:cyan_carpet":2,"minecraft:spruce_sapling":2,"minecraft:gold_ingot":3,"minecraft:bone":59,"simplyswords:diamond_cutlass":1,"graveyard:middle_bone_staff":1,"minecraft:dark_oak_sign":1,"minecraft:deepslate_brick_slab":3,"minecraft:rotten_flesh":69,"minecraft:oak_planks":1,"minecraft:white_candle":16,"minecraft:name_tag":2,"minecraft:cobbled_deepslate_slab":3,"minecraft:white_bed":1,"minecraft:pumpkin_seeds":4,"minecraft:skeleton_spawn_egg":1,"minecraft:spruce_fence":1,"minecraft:carrot":1,"patchouli:guide_book":1,"minecraft:deepslate_bricks":2,"minecraft:potato":9,"minecraft:hay_block":26,"minecraft:cyan_wool":2,"minecraft:shield":1,"minecraft:flower_pot":1,"minecraft:gunpowder":3,"graveyard:spruce_coffin":2,"minecraft:oak_wood":38,"minecraft:spruce_planks":112,"minecraft:melon_seeds":2,"minecraft:bamboo":3,"minecraft:arrow":9,"minecraft:written_book":1,"exposure:aged_photograph":1},"minecraft:broken":{"minecraft:wooden_pickaxe":1,"minecraft:iron_axe":2,"minecraft:stone_axe":1,"minecraft:iron_pickaxe":2,"minecraft:golden_pickaxe":1,"minecraft:wooden_axe":1}},"DataVersion":3465}