{"stats":{"minecraft:custom":{"minecraft:mob_kills":48,"minecraft:animals_bred":2,"minecraft:interact_with_crafting_table":14,"minecraft:open_barrel":9,"minecraft:leave_game":2,"minecraft:time_since_death":11768,"minecraft:climb_one_cm":888,"minecraft:sprint_one_cm":266436,"minecraft:walk_one_cm":711679,"minecraft:drop":43,"minecraft:play_time":204709,"minecraft:deaths":3,"minecraft:sneak_time":3425,"minecraft:walk_under_water_one_cm":402,"minecraft:jump":902,"minecraft:walk_on_water_one_cm":1774,"minecraft:total_world_time":204709,"minecraft:interact_with_furnace":2,"minecraft:interact_with_cartography_table":1,"minecraft:sleep_in_bed":3,"minecraft:time_since_rest":12085,"minecraft:damage_taken":1463,"minecraft:damage_dealt":14103,"minecraft:swim_one_cm":1751,"minecraft:fly_one_cm":58173,"minecraft:open_chest":31,"minecraft:crouch_one_cm":2585,"minecraft:interact_with_smoker":1,"minecraft:fall_one_cm":11625},"minecraft:used":{"minecraft:beetroot":4,"minecraft:spruce_planks":3,"minecraft:iron_sword":82,"minecraft:carrot":2,"minecraft:iron_axe":415,"simplyswords:diamond_cutlass":35,"minecraft:golden_sword":96,"minecraft:golden_carrot":8,"simplyswords:iron_spear":181,"minecraft:oak_planks":5,"minecraft:wooden_pickaxe":61,"minecraft:crafting_table":1,"minecraft:white_bed":1,"minecraft:spruce_log":1,"minecraft:apple":2,"minecraft:bread":5,"minecraft:iron_pickaxe":285,"minecraft:cobblestone":21},"minecraft:crafted":{"minecraft:oak_planks":16,"minecraft:iron_axe":1,"minecraft:golden_sword":4,"minecraft:crafting_table":1,"minecraft:wooden_pickaxe":1,"minecraft:iron_sword":2,"minecraft:golden_pickaxe":1,"minecraft:shield":1,"minecraft:stick":20,"minecraft:iron_pickaxe":1,"minecraft:gold_ingot":9,"minecraft:torch":64},"minecraft:killed_by":{"minecraft:husk":1,"minecraft:spider":1,"cave_dweller:cave_dweller":1},"minecraft:mined":{"minecraft:tuff":1,"minecraft:white_bed":1,"minecraft:cobbled_deepslate_stairs":4,"minecraft:dark_oak_leaves":1,"minecraft:candle":2,"minecraft:dark_oak_log":14,"minecraft:cobbled_deepslate_slab":10,"minecraft:budding_amethyst":1,"minecraft:grass_block":1,"minecraft:spruce_fence":2,"minecraft:spruce_leaves":5,"minecraft:hay_block":8,"minecraft:deepslate_brick_slab":10,"minecraft:iron_ore":23,"minecraft:cobbled_deepslate":1,"minecraft:deepslate_lapis_ore":9,"minecraft:deepslate_iron_ore":20,"minecraft:vine":1,"minecraft:deepslate_brick_stairs":4,"minecraft:stone":34,"minecraft:spruce_slab":1,"minecraft:player_head":1,"minecraft:amethyst_cluster":1,"minecraft:stone_brick_slab":1,"minecraft:oak_fence":1,"minecraft:oak_wood":42,"minecraft:calcite":4,"minecraft:rose_bush":1,"minecraft:spruce_wall_sign":1,"minecraft:tall_grass":8,"minecraft:copper_ore":2,"minecraft:cobblestone":1,"minecraft:lapis_ore":4,"minecraft:amethyst_block":9,"minecraft:spruce_log":114,"minecraft:grass":24,"minecraft:coal_ore":16,"minecraft:sand":18,"minecraft:smooth_basalt":1,"minecraft:deepslate":13},"minecraft:broken":{"minecraft:wooden_pickaxe":1,"minecraft:golden_sword":3,"minecraft:iron_axe":1,"minecraft:iron_pickaxe":1},"minecraft:killed":{"minecraft:spider":3,"minecraft:skeleton":5,"minecraft:husk":37,"minecraft:zombie":1,"cave_dweller:cave_dweller":1},"minecraft:dropped":{"minecraft:iron_ingot":5,"minecraft:iron_sword":5,"minecraft:wheat_seeds":3,"minecraft:cobbled_deepslate_stairs":2,"minecraft:golden_pickaxe":1,"minecraft:dark_oak_sapling":1,"minecraft:oak_fence":2,"minecraft:apple":17,"minecraft:red_bed":1,"minecraft:deepslate_brick_stairs":1,"minecraft:torch":6,"minecraft:writable_book":1,"minecraft:bone_block":3,"minecraft:iron_axe":1,"minecraft:iron_pickaxe":1,"minecraft:cyan_carpet":4,"minecraft:spruce_sapling":1,"minecraft:bone":68,"simplyswords:runic_tablet":1,"minecraft:deepslate_brick_slab":7,"minecraft:rotten_flesh":64,"minecraft:cobbled_deepslate_slab":17,"minecraft:spruce_fence":3,"minecraft:carrot":4,"patchouli:guide_book":1,"minecraft:shield":1,"minecraft:gunpowder":3,"graveyard:spruce_coffin":2,"minecraft:yellow_bed":1,"minecraft:golden_sword":1,"minecraft:calcite":2,"exposure:aged_photograph":1},"minecraft:picked_up":{"minecraft:potion":1,"minecraft:enchanted_book":3,"minecraft:shield":4,"minecraft:amethyst_block":10,"minecraft:string":4,"minecraft:red_bed":2,"minecraft:raw_copper":7,"minecraft:iron_axe":4,"minecraft:cyan_carpet":5,"minecraft:cobbled_deepslate":15,"simplyswords:runic_tablet":2,"minecraft:candle":5,"minecraft:spruce_planks":296,"minecraft:calcite":7,"minecraft:rose_bush":1,"minecraft:player_head":1,"minecraft:iron_pickaxe":2,"minecraft:egg":4,"minecraft:dark_oak_sapling":2,"minecraft:raw_iron":65,"minecraft:stick":115,"minecraft:stripped_mangrove_wood":1,"simplyswords:diamond_cutlass":1,"minecraft:oak_fence":3,"minecraft:torch":114,"minecraft:spruce_fence":3,"minecraft:carrot":4,"minecraft:arrow":18,"minecraft:rotten_flesh":21,"minecraft:hay_block":34,"minecraft:gold_ingot":3,"minecraft:glow_berries":3,"minecraft:deepslate_brick_stairs":1,"minecraft:bone_block":3,"minecraft:cobblestone":30,"minecraft:golden_carrot":4,"minecraft:glow_ink_sac":1,"minecraft:leather":8,"minecraft:golden_leggings":1,"exposure:aged_photograph":2,"minecraft:tuff":2,"graveyard:spruce_coffin":2,"minecraft:yellow_bed":1,"minecraft:cobbled_deepslate_stairs":2,"minecraft:gunpowder":4,"minecraft:lapis_lazuli":120,"minecraft:bone":127,"minecraft:apple":19,"minecraft:wheat_seeds":5,"minecraft:deepslate_brick_slab":7,"minecraft:raw_gold":31,"minecraft:cobbled_deepslate_slab":17,"minecraft:iron_ingot":3,"minecraft:cyan_candle":3,"minecraft:iron_sword":4,"minecraft:oak_planks":8,"minecraft:book":3,"patchouli:guide_book":2,"minecraft:stone_brick_slab":2,"minecraft:sand":18,"minecraft:amethyst_shard":16,"minecraft:spruce_sapling":1,"minecraft:spruce_log":111,"minecraft:white_bed":3,"minecraft:dark_oak_log":14,"minecraft:spider_eye":1,"minecraft:oak_wood":42,"minecraft:husk_spawn_egg":1,"minecraft:pumpkin_seeds":4,"minecraft:diamond":3,"minecraft:writable_book":2,"minecraft:iron_helmet":1,"minecraft:spruce_sign":1,"minecraft:emerald":1,"minecraft:bread":65,"minecraft:oak_sapling":2,"minecraft:coal":32}},"DataVersion":3465}