{"stats":{"minecraft:custom":{"minecraft:mob_kills":42,"minecraft:animals_bred":2,"minecraft:interact_with_crafting_table":13,"minecraft:interact_with_cartography_table":1,"minecraft:open_barrel":9,"minecraft:leave_game":2,"minecraft:time_since_death":1457,"minecraft:sleep_in_bed":2,"minecraft:climb_one_cm":668,"minecraft:time_since_rest":3047,"minecraft:sprint_one_cm":227308,"minecraft:damage_taken":1059,"minecraft:walk_one_cm":578937,"minecraft:drop":41,"minecraft:damage_dealt":12818,"minecraft:swim_one_cm":1751,"minecraft:fly_one_cm":55085,"minecraft:open_chest":27,"minecraft:crouch_one_cm":2019,"minecraft:play_time":163923,"minecraft:deaths":2,"minecraft:sneak_time":2464,"minecraft:walk_under_water_one_cm":402,"minecraft:jump":689,"minecraft:walk_on_water_one_cm":1511,"minecraft:total_world_time":163923,"minecraft:interact_with_smoker":1,"minecraft:fall_one_cm":9669},"minecraft:used":{"simplyswords:iron_spear":181,"minecraft:beetroot":4,"minecraft:oak_planks":5,"minecraft:spruce_planks":3,"minecraft:wooden_pickaxe":61,"minecraft:iron_sword":82,"minecraft:crafting_table":1,"minecraft:carrot":2,"minecraft:spruce_log":1,"minecraft:apple":2,"minecraft:iron_axe":415,"minecraft:bread":1,"minecraft:iron_pickaxe":2,"minecraft:golden_sword":96,"minecraft:golden_carrot":8},"minecraft:crafted":{"minecraft:oak_planks":16,"minecraft:crafting_table":1,"minecraft:wooden_pickaxe":1,"minecraft:iron_sword":2,"minecraft:golden_pickaxe":1,"minecraft:shield":1,"minecraft:iron_axe":1,"minecraft:stick":20,"minecraft:iron_pickaxe":1,"minecraft:gold_ingot":9,"minecraft:golden_sword":4},"minecraft:mined":{"minecraft:white_bed":1,"minecraft:dark_oak_leaves":1,"minecraft:candle":2,"minecraft:cobbled_deepslate_stairs":4,"minecraft:stone_brick_slab":1,"minecraft:dark_oak_log":14,"minecraft:oak_fence":1,"minecraft:cobbled_deepslate_slab":10,"minecraft:oak_wood":42,"minecraft:grass_block":1,"minecraft:spruce_fence":2,"minecraft:rose_bush":1,"minecraft:spruce_wall_sign":1,"minecraft:tall_grass":8,"minecraft:spruce_leaves":5,"minecraft:hay_block":8,"minecraft:deepslate_brick_slab":10,"minecraft:spruce_log":114,"minecraft:grass":24,"minecraft:sand":18,"minecraft:deepslate_brick_stairs":4,"minecraft:player_head":1,"minecraft:spruce_slab":1},"minecraft:killed_by":{"minecraft:husk":1,"minecraft:spider":1},"minecraft:broken":{"minecraft:golden_sword":3,"minecraft:iron_axe":1,"minecraft:wooden_pickaxe":1},"minecraft:killed":{"minecraft:husk":37,"minecraft:skeleton":5},"minecraft:dropped":{"minecraft:iron_ingot":5,"minecraft:iron_sword":5,"simplyswords:runic_tablet":1,"minecraft:wheat_seeds":2,"minecraft:cobbled_deepslate_stairs":2,"minecraft:golden_pickaxe":1,"minecraft:rotten_flesh":64,"minecraft:oak_fence":2,"minecraft:deepslate_brick_slab":7,"minecraft:apple":17,"minecraft:cobbled_deepslate_slab":17,"minecraft:spruce_fence":3,"minecraft:carrot":4,"patchouli:guide_book":1,"minecraft:red_bed":1,"minecraft:deepslate_brick_stairs":1,"minecraft:shield":1,"minecraft:gunpowder":3,"graveyard:spruce_coffin":2,"minecraft:torch":6,"minecraft:yellow_bed":1,"minecraft:golden_sword":1,"minecraft:writable_book":1,"minecraft:bone_block":3,"minecraft:iron_axe":1,"minecraft:iron_pickaxe":1,"minecraft:calcite":2,"minecraft:spruce_sapling":1,"minecraft:cyan_carpet":4,"exposure:aged_photograph":1,"minecraft:bone":68},"minecraft:picked_up":{"minecraft:golden_carrot":4,"minecraft:leather":8,"minecraft:enchanted_book":3,"minecraft:potion":1,"exposure:aged_photograph":2,"graveyard:spruce_coffin":2,"minecraft:cobbled_deepslate_stairs":2,"minecraft:yellow_bed":1,"minecraft:shield":2,"minecraft:gunpowder":3,"minecraft:red_bed":2,"minecraft:iron_axe":3,"minecraft:bone":127,"minecraft:cyan_carpet":5,"minecraft:apple":19,"minecraft:deepslate_brick_slab":7,"minecraft:wheat_seeds":4,"simplyswords:runic_tablet":2,"minecraft:candle":5,"minecraft:cobbled_deepslate_slab":17,"minecraft:raw_gold":31,"minecraft:spruce_planks":56,"minecraft:iron_ingot":3,"minecraft:player_head":1,"minecraft:rose_bush":1,"minecraft:calcite":4,"minecraft:iron_pickaxe":1,"minecraft:cyan_candle":3,"minecraft:oak_planks":8,"minecraft:iron_sword":4,"minecraft:egg":4,"minecraft:book":3,"minecraft:dark_oak_sapling":1,"minecraft:stick":3,"minecraft:stripped_mangrove_wood":1,"patchouli:guide_book":2,"minecraft:oak_fence":3,"minecraft:stone_brick_slab":2,"minecraft:torch":48,"minecraft:spruce_fence":3,"minecraft:sand":18,"minecraft:amethyst_shard":12,"minecraft:spruce_sapling":1,"minecraft:white_bed":2,"minecraft:spruce_log":111,"minecraft:carrot":4,"minecraft:dark_oak_log":14,"minecraft:oak_wood":42,"minecraft:pumpkin_seeds":4,"minecraft:husk_spawn_egg":1,"minecraft:arrow":18,"minecraft:rotten_flesh":19,"minecraft:writable_book":2,"minecraft:iron_helmet":1,"minecraft:hay_block":34,"minecraft:bread":65,"minecraft:spruce_sign":1,"minecraft:gold_ingot":3,"minecraft:emerald":1,"minecraft:oak_sapling":2,"minecraft:deepslate_brick_stairs":1,"minecraft:glow_berries":3,"minecraft:coal":16,"minecraft:bone_block":3}},"DataVersion":3465}